time,latitude,longitude,depth,mag,magType,nst,gap,dmin,rms,net,id,updated,place,type,horizontalError,depthError,magError,magNst,status,locationSource,magSource
2017-10-10T00:04:57.870Z,-6.4493,129.8246,155.27,4.800,mb,,32,2.111,0.92,us,us2000b3av,2017-10-10T04:27:23.040Z,"233km NW of Saumlaki, Indonesia",earthquake,6.9,6.6,0.069,66,reviewed,us,us
2017-10-10T00:05:42.795Z,63.2182,-149.5512,0,1.500,ml,,,,0.74,ak,ak17001340,2017-10-10T00:12:08.678Z,"35km WSW of Cantwell, Alaska",earthquake,,0.3,,,automatic,ak,ak
2017-10-10T00:14:45.820Z,33.491,-116.7978333,3.88,2.570,ml,87,27,0.01659,0.19,ci,ci38022200,2017-10-10T06:08:41.932Z,"8km NE of Aguanga, CA",earthquake,0.15,0.35,0.143,26,reviewed,ci,ci
2017-10-10T00:22:11.360Z,46.1991667,-122.1773333,1.21,0.420,ml,10,143,0.009415,0.1,uw,uw61339501,2017-10-10T01:43:14.790Z,"38km NNE of Amboy, Washington",earthquake,0.39,0.29,0.268,9,reviewed,uw,uw
2017-10-10T00:22:53.577Z,69.4879,-142.4477,7,1.700,ml,,,,0.85,ak,ak17001348,2017-10-10T17:21:55.615Z,"84km SSE of Kaktovik, Alaska",earthquake,,0.5,,,reviewed,ak,ak
2017-10-10T00:25:38.858Z,65.9735,-148.2932,0,1.700,ml,,,,0.99,ak,ak17001347,2017-10-10T00:37:32.752Z,"126km N of College, Alaska",earthquake,,0.2,,,automatic,ak,ak
2017-10-10T00:27:23.360Z,2.1621,97.7322,55.07,4.400,mb,,126,0.866,0.9,us,us2000b3b2,2017-10-10T08:30:08.421Z,"99km W of Onan Ganjang, Indonesia",earthquake,4,8.5,0.105,26,reviewed,us,us
2017-10-10T00:28:23.100Z,38.2575,-118.7037,10.6,1.300,ml,16,81.96,0.156,0.1616,nn,nn00608688,2017-10-10T15:01:41.340Z,"30km SSW of Hawthorne, Nevada",earthquake,,2.5,0.56,5,reviewed,nn,nn
2017-10-10T00:46:39.060Z,45.3186667,-121.685,7.12,1.430,ml,15,59,0.0243,0.19,uw,uw61339506,2017-10-10T00:57:15.700Z,"23km E of Mount Hood Village, Oregon",earthquake,0.45,0.5,0.158,10,reviewed,uw,uw
2017-10-10T00:46:51.550Z,32.9435,-115.541,7.94,1.360,ml,15,99,0.04507,0.2,ci,ci37168348,2017-10-10T01:09:05.492Z,"4km SSW of Brawley, CA",earthquake,0.34,0.6,0.197,16,reviewed,ci,ci
2017-10-10T00:47:06.580Z,32.9408333,-115.5441667,6.53,1.390,ml,17,82,0.04165,0.18,ci,ci38022208,2017-10-10T01:00:21.119Z,"4km SSW of Brawley, CA",earthquake,0.27,0.73,0.153,20,reviewed,ci,ci
2017-10-10T00:51:00.050Z,32.9391667,-115.5413333,7.27,1.690,ml,22,82,0.04097,0.2,ci,ci38022216,2017-10-10T08:53:43.907Z,"4km SSW of Brawley, CA",earthquake,0.28,0.72,0.153,26,reviewed,ci,ci
2017-10-10T00:52:23.790Z,33.5221667,-115.859,10.14,1.350,ml,34,101,0.0374,0.18,ci,ci38022224,2017-10-11T16:52:33.370Z,"7km E of North Shore, CA",earthquake,0.26,0.41,0.191,25,reviewed,ci,ci
2017-10-10T00:53:18.270Z,37.3135,-121.672,9.69,4.090,mw,243,23,0.0366,0.16,nc,nc72906781,2017-10-12T05:39:02.079Z,"14km ESE of Alum Rock, California",earthquake,0.1,0.2,,6,reviewed,nc,nc
2017-10-10T01:00:35.648Z,38.2542,-118.7169,7.7,1.800,ml,28,56.22,0.167,0.2374,nn,nn00608690,2017-10-12T04:34:02.006Z,"31km SSW of Hawthorne, Nevada",earthquake,,2.2,0.34,13,reviewed,nn,nn
2017-10-10T01:16:13.111Z,63.0966,-147.6356,3.8,1.500,ml,,,,0.83,ak,ak17001714,2017-10-10T01:23:00.953Z,"73km ESE of Cantwell, Alaska",earthquake,,0.3,,,automatic,ak,ak
2017-10-10T01:24:35.290Z,42.5808333,-111.4191667,6.07,1.040,md,9,58,0.02451,0.1,uu,uu60251902,2017-10-10T16:48:54.270Z,"17km ESE of Soda Springs, Idaho",earthquake,0.54,0.87,0.081,4,reviewed,uu,uu
2017-10-10T01:27:25.794Z,36.4498,-113.8108,9.9,1.200,ml,6,216.68,0.723,0.3215,nn,nn00608698,2017-10-10T01:46:52.641Z,"45km SSE of Mesquite, Nevada",earthquake,,8.6,0.09,3,reviewed,nn,nn
2017-10-10T01:30:41.580Z,38.8079987,-122.7891693,-0.7,0.620,md,7,94,0.004792,0.1,nc,nc72906791,2017-10-10T02:03:04.049Z,"4km NW of The Geysers, California",earthquake,0.29,2.1,0.24,3,automatic,nc,nc
2017-10-10T01:50:43.430Z,59.5243,-152.8669,79.3,2.200,ml,,,,0.59,ak,ak17001721,2017-10-10T01:58:52.432Z,"64km WSW of Anchor Point, Alaska",earthquake,,0.4,,,automatic,ak,ak
2017-10-10T02:04:21.350Z,33.5141667,-116.5036667,12.26,1.540,ml,58,59,0.04888,0.19,ci,ci38022248,2017-10-10T13:41:46.920Z,"16km ESE of Anza, CA",earthquake,0.21,0.35,0.205,26,reviewed,ci,ci
2017-10-10T02:04:43.350Z,45.3028333,-121.6751667,7.25,0.750,ml,7,177,0.02588,0.12,uw,uw61339576,2017-10-10T02:27:01.670Z,"24km ESE of Mount Hood Village, Oregon",earthquake,0.63,0.49,0.203,5,reviewed,uw,uw
2017-10-10T02:23:10.880Z,46.1953333,-122.1745,2.14,0.240,ml,8,148,0.02026,0.11,uw,uw61339586,2017-10-10T05:31:54.940Z,"38km NNE of Amboy, Washington",earthquake,0.58,0.61,0.243,6,reviewed,uw,uw
2017-10-10T02:24:15.150Z,62.753,-149.575,72.1,1.700,ml,,,,0.61,ak,ak17002009,2017-10-10T02:30:31.550Z,"55km NNE of Talkeetna, Alaska",earthquake,,0.6,,,automatic,ak,ak
2017-10-10T02:32:36.000Z,39.5999985,-120.3980026,-1.22,2.540,md,17,87,0.1383,0.13,nc,nc72906801,2017-10-10T03:42:15.564Z,"24km SSE of Portola, California",earthquake,0.39,8.02,0.2,16,automatic,nc,nc
2017-10-10T02:37:44.532Z,60.8775,-151.395,54.6,2.200,ml,,,,0.5,ak,ak17002016,2017-10-10T14:29:03.113Z,"21km NNW of Nikiski, Alaska",earthquake,,0.5,,,automatic,ak,ak
2017-10-10T02:37:52.384Z,39.597,-120.4163,6.6,1.300,ml,18,120.25,0.151,0.1436,nn,nn00608708,2017-10-10T02:56:41.110Z,"24km S of Portola, California",earthquake,,4.7,0.44,10,reviewed,nn,nn
2017-10-10T02:39:44.016Z,65.0003,-147.3682,2.6,1.400,ml,,,,0.65,ak,ak17002021,2017-10-10T02:44:10.458Z,"23km NNE of Badger, Alaska",earthquake,,0.8,,,automatic,ak,ak
2017-10-10T02:44:59.620Z,42.5986667,-111.4108333,4.62,1.280,md,12,55,0.03307,0.11,uu,uu60251912,2017-10-10T16:55:06.220Z,"17km ESE of Soda Springs, Idaho",earthquake,0.35,0.44,0.072,4,reviewed,uu,uu
2017-10-10T02:45:37.050Z,45.3206667,-121.6861667,6.84,2.750,ml,25,45,0.02276,0.16,uw,uw61339596,2017-10-11T02:48:18.819Z,"23km E of Mount Hood Village, Oregon",earthquake,0.24,0.23,0.188,23,reviewed,uw,uw
2017-10-10T02:46:35.305Z,39.5987,-120.4227,2.9,0.300,ml,12,137.12,0.155,0.13,nn,nn00608709,2017-10-10T15:14:50.004Z,"23km S of Portola, California",earthquake,,10.6,0.46,3,reviewed,nn,nn
2017-10-10T02:53:13.190Z,46.2006667,-122.1898333,3.8,0.330,ml,8,127,0.001138,0.12,uw,uw61339601,2017-10-10T04:51:20.690Z,"37km NNE of Amboy, Washington",earthquake,0.6,0.84,0.039,5,reviewed,uw,uw
2017-10-10T03:08:00.690Z,33.5123333,-116.7935,5.09,0.920,ml,41,36,0.005723,0.17,ci,ci38022264,2017-10-10T13:41:51.620Z,"10km NE of Aguanga, CA",earthquake,0.19,0.66,0.139,25,reviewed,ci,ci
2017-10-10T03:16:39.480Z,38.4133333,-122.6188333,5.88,2.920,md,103,33,0.03024,0.11,nc,nc72906831,2017-10-11T03:18:03.047Z,"6km W of Kenwood, California",earthquake,0.1,0.19,0.155,93,reviewed,nc,nc
2017-10-10T03:23:34.202Z,60.1517,-153.0526,123.9,2.300,ml,,,,0.88,ak,ak17002309,2017-10-10T03:38:23.465Z,"40km SSW of Redoubt Volcano, Alaska",earthquake,,0.6,,,automatic,ak,ak
2017-10-10T03:25:19.530Z,44.772,-111.0741667,10.03,0.690,md,13,127,0.03338,0.15,uu,uu60251917,2017-10-10T14:28:26.520Z,"12km N of West Yellowstone, Montana",earthquake,0.44,0.79,0.372,9,reviewed,uu,uu
2017-10-10T03:28:56.730Z,45.3036667,-121.679,7.16,0.680,ml,6,177,0.02717,0.14,uw,uw61339661,2017-10-10T05:24:41.460Z,"24km ESE of Mount Hood Village, Oregon",earthquake,0.96,0.63,0.189,6,reviewed,uw,uw
2017-10-10T03:35:02.720Z,42.6553333,-111.4453333,2.24,1.530,md,19,75,0.016,0.1,uu,uu60251922,2017-10-10T17:32:17.070Z,"13km E of Soda Springs, Idaho",earthquake,0.25,0.27,0.094,6,reviewed,uu,uu
2017-10-10T03:45:36.370Z,32.3791667,-115.2395,11.41,2.340,ml,24,121,0.06847,0.3,ci,ci38022272,2017-10-10T14:24:18.758Z,"5km WNW of Delta, B.C., MX",earthquake,0.81,1.06,0.183,39,reviewed,ci,ci
2017-10-10T03:49:22.467Z,63.3067,-150.4578,136.1,1.900,ml,,,,0.69,ak,ak17002318,2017-10-10T03:54:53.852Z,"76km W of Cantwell, Alaska",earthquake,,0.6,,,automatic,ak,ak
2017-10-10T03:57:21.660Z,37.5518333,-118.992,2.75,0.260,md,11,255,0.06153,0.04,nc,nc72906841,2017-10-11T01:38:02.782Z,"10km S of Mammoth Lakes, California",earthquake,0.59,0.98,0.153,10,reviewed,nc,nc
2017-10-10T04:08:09.654Z,38.2497,-118.7173,9.1,1.100,ml,20,56.27,0.167,0.1849,nn,nn00608712,2017-10-10T15:21:23.150Z,"31km SSW of Hawthorne, Nevada",earthquake,,2.3,0.3,4,reviewed,nn,nn
2017-10-10T04:11:05.860Z,44.7885,-110.9471667,7.57,1.250,md,14,159,0.05115,0.13,uu,uu60251927,2017-10-10T14:33:05.330Z,"18km NE of West Yellowstone, Montana",earthquake,0.42,0.66,0.106,9,reviewed,uu,uu
2017-10-10T04:13:59.770Z,45.306,-121.6838333,8.32,0.750,ml,6,173,0.02834,0.11,uw,uw61339676,2017-10-10T05:00:56.530Z,"23km ESE of Mount Hood Village, Oregon",earthquake,0.72,0.76,0.143,5,reviewed,uw,uw
2017-10-10T04:19:48.132Z,38.2659,-118.7176,8.1,0.100,ml,4,235.66,0.168,0.0385,nn,nn00608713,2017-10-10T15:24:31.262Z,"29km SSW of Hawthorne, Nevada",earthquake,,8.5,0.21,3,reviewed,nn,nn
2017-10-10T04:29:12.780Z,36.8585,-116.1548,8.3,1.400,ml,11,111.04,0.106,0.1028,nn,nn00608749,2017-10-10T17:15:02.425Z,"54km E of Beatty, Nevada",earthquake,,2.4,0,1,reviewed,nn,nn
2017-10-10T04:41:18.880Z,46.8171667,-121.9521667,9.73,0.520,ml,8,189,0.07559,0.13,uw,uw61339681,2017-10-10T05:20:01.170Z,"24km ESE of Eatonville, Washington",earthquake,0.65,1.06,0.136,5,reviewed,uw,uw
2017-10-10T04:43:13.770Z,61.0274,-152.2795,19.7,0.800,ml,,,,0.31,ak,ak17002614,2017-10-10T04:46:34.868Z,"65km NW of Nikiski, Alaska",earthquake,,0.2,,,automatic,ak,ak
2017-10-10T04:56:53.214Z,40.1104,-121.0701,10.4,1.300,ml,8,147.31,0.156,0.2019,nn,nn00608750,2017-10-10T17:24:20.235Z,"10km WSW of Greenville, California",earthquake,,2.4,0.49,2,reviewed,nn,nn
2017-10-10T04:57:02.203Z,62.0725,-151.1078,81.1,1.900,ml,,,,0.53,ak,ak17002617,2017-10-10T05:04:16.252Z,"59km WSW of Talkeetna, Alaska",earthquake,,0.8,,,automatic,ak,ak
2017-10-10T05:27:18.469Z,60.2011,-150.8555,55.3,1.500,ml,,,,0.45,ak,ak17002915,2017-10-10T05:31:12.891Z,"31km SE of Cohoe, Alaska",earthquake,,1.4,,,automatic,ak,ak
2017-10-10T05:28:28.300Z,46.862,-112.5238333,10.71,1.270,ml,14,63,0.054,0.19,mb,mb80260384,2017-10-10T14:48:38.750Z,"15km SE of Lincoln, Montana",earthquake,0.6,0.58,0.162,5,reviewed,mb,mb
2017-10-10T05:29:23.720Z,36.9068333,-121.642,9.75,1.070,md,19,73,0.02882,0.08,nc,nc72906856,2017-10-12T00:18:03.386Z,"2km N of Aromas, California",earthquake,0.33,0.61,0.35,15,reviewed,nc,nc
2017-10-10T05:33:39.990Z,46.1011667,-124.1066667,24.89,1.490,ml,13,249,0.1909,0.52,uw,uw61339761,2017-10-10T19:19:59.840Z,"15km WSW of Warrenton, Oregon",earthquake,4.31,3.25,0.169,10,reviewed,uw,uw
2017-10-10T05:37:46.240Z,33.0315,-115.5933333,5.2,1.020,ml,14,57,0.01173,0.18,ci,ci38022328,2017-10-10T14:46:12.756Z,"3km ESE of Westmorland, CA",earthquake,0.35,0.48,0.13,6,reviewed,ci,ci
2017-10-10T05:38:44.987Z,62.0169,-149.8154,39.4,1.600,ml,,,,0.48,ak,ak17002916,2017-10-10T05:43:10.915Z,"16km S of Y, Alaska",earthquake,,0.8,,,automatic,ak,ak
2017-10-10T05:45:33.250Z,46.872,-112.5255,10.97,1.250,ml,16,69,0.045,0.16,mb,mb80260389,2017-10-10T14:37:57.310Z,"15km SE of Lincoln, Montana",earthquake,0.56,0.44,0.259,4,reviewed,mb,mb
2017-10-10T05:58:23.450Z,40.3135,-122.0775,7.4,1.470,md,11,129,0.1112,0.06,nc,nc72906861,2017-10-12T05:00:04.082Z,"19km ESE of Cottonwood, California",earthquake,0.55,2.01,0.182,14,reviewed,nc,nc
2017-10-10T06:01:57.980Z,38.838501,-122.8236694,1.27,0.890,md,8,87,0.00923,0.01,nc,nc72906866,2017-10-10T06:35:03.753Z,"8km WNW of Cobb, California",earthquake,0.33,0.57,0.11,3,automatic,nc,nc
2017-10-10T06:08:58.567Z,65.1738,-149.3053,14.5,2.600,ml,,,,0.71,ak,ak17003202,2017-10-10T06:23:57.274Z,"65km ENE of Manley Hot Springs, Alaska",earthquake,,0.2,,,automatic,ak,ak
2017-10-10T06:16:13.807Z,42.0111,-118.5898,0,2.700,ml,8,168.75,0.424,0.2442,nn,nn00608714,2017-10-12T03:51:26.584Z,"7km NNE of Denio Junction, Nevada",earthquake,,4.1,0.15,7,reviewed,nn,nn
2017-10-10T06:17:28.912Z,63.5174,-150.8005,2.6,1.600,ml,,,,0.61,ak,ak17003209,2017-10-10T06:23:57.466Z,"93km W of Cantwell, Alaska",earthquake,,0.3,,,automatic,ak,ak
2017-10-10T06:29:57.376Z,61.4002,-146.5637,31.1,1.400,ml,,,,0.24,ak,ak17003223,2017-10-10T06:34:44.284Z,"32km NNW of Valdez, Alaska",earthquake,,0.3,,,automatic,ak,ak
2017-10-10T06:32:20.800Z,-18.5212,-69.6411,82.43,6.300,mww,,27,0.224,1.47,us,us2000b3dm,2017-10-10T20:19:08.180Z,"36km SSW of Putre, Chile",earthquake,5.9,5.2,0.059,28,reviewed,us,us
2017-10-10T06:35:35.600Z,37.5538333,-118.8871667,0.76,0.240,md,7,253,0.0586,0.1,nc,nc72906871,2017-10-11T01:48:02.805Z,"12km SE of Mammoth Lakes, California",earthquake,0.72,7.91,0.202,5,reviewed,nc,nc
2017-10-10T06:43:27.660Z,36.9300003,-118.9840012,2.29,2.700,md,6,228,0.5419,0.3,nc,nc72906876,2017-10-10T07:10:33.527Z,"31km NE of Squaw Valley, California",earthquake,8.85,23.59,0.78,4,automatic,nc,nc
2017-10-10T07:01:05.840Z,37.552,-118.8835,2.39,0.550,md,10,250,0.05752,0.09,nc,nc72906886,2017-10-11T02:00:03.831Z,"13km SE of Mammoth Lakes, California",earthquake,1.37,2.12,0.136,9,reviewed,nc,nc
2017-10-10T07:02:31.990Z,32.5578333,-115.3085,19.88,1.530,ml,19,222,0.1365,0.21,ci,ci38022344,2017-10-10T15:11:12.588Z,"4km E of Puebla, B.C., MX",earthquake,0.9,0.6,0.219,14,reviewed,ci,ci
2017-10-10T07:04:22.195Z,36.9792,-117.5101,0,1.400,ml,19,158.49,0.116,0.1974,nn,nn00608720,2017-10-10T15:37:30.983Z,"64km NE of Lone Pine, California",earthquake,,0,0.38,7,reviewed,nn,nn
2017-10-10T07:16:14.770Z,33.4911667,-116.7871667,4.66,0.420,ml,17,69,0.02384,0.12,ci,ci38022352,2017-10-10T13:36:21.027Z,"9km NE of Aguanga, CA",earthquake,0.23,0.41,0.108,14,reviewed,ci,ci
2017-10-10T07:19:28.035Z,36.935,-117.3523,10.4,0.200,ml,9,186.55,0.062,0.1582,nn,nn00608755,2017-10-10T17:39:56.191Z,"52km W of Beatty, Nevada",earthquake,,1.8,0.98,4,reviewed,nn,nn
2017-10-10T07:35:35.010Z,33.4991667,-116.7946667,4.65,0.320,ml,18,109,0.014,0.07,ci,ci38022360,2017-10-10T13:36:20.027Z,"9km NE of Aguanga, CA",earthquake,0.16,0.26,0.126,9,reviewed,ci,ci
2017-10-10T07:41:08.850Z,33.4971667,-116.7916667,5.6,0.250,ml,22,108,0.01681,0.13,ci,ci38022368,2017-10-10T15:15:29.723Z,"9km NE of Aguanga, CA",earthquake,0.21,0.6,0.083,7,reviewed,ci,ci
2017-10-10T07:49:44.164Z,37.1604,-117.2624,7.6,0.300,ml,10,91.46,0.14,0.236,nn,nn00608757,2017-10-10T17:46:12.286Z,"52km WNW of Beatty, Nevada",earthquake,,3.2,0.94,5,reviewed,nn,nn
2017-10-10T07:57:46.490Z,47.3811667,-122.6251667,22.39,0.460,md,5,177,0.1998,0.03,uw,uw61339796,2017-10-10T17:11:05.540Z,"0km S of Purdy, Washington",earthquake,3.2,0.94,0.025,3,reviewed,uw,uw
2017-10-10T07:59:25.947Z,62.7866,-150.5985,79,1.300,ml,,,,0.4,ak,ak17003829,2017-10-10T17:38:38.069Z,"57km NNW of Talkeetna, Alaska",earthquake,,1.8,,,reviewed,ak,ak
2017-10-10T08:05:18.524Z,59.9409,-139.6624,0,1.500,ml,,,,0.83,ak,ak17003828,2017-10-10T08:10:54.466Z,"44km N of Yakutat, Alaska",earthquake,,0.3,,,automatic,ak,ak
2017-10-10T08:05:57.360Z,42.6373333,-111.4535,3.81,1.700,ml,5,193,0.006886,0.02,uu,uu60251952,2017-10-10T17:36:30.580Z,"12km E of Soda Springs, Idaho",earthquake,1.48,0.59,0.091,4,reviewed,uu,uu
2017-10-10T08:07:00.910Z,33.9261667,-116.7286667,12.52,0.660,ml,27,63,0.1086,0.11,ci,ci38022376,2017-10-10T13:36:03.910Z,"6km E of Cabazon, CA",earthquake,0.19,0.53,0.13,19,reviewed,ci,ci
2017-10-10T08:15:08.650Z,37.6338333,-118.8895,4.7,0.340,md,16,99,0.01204,0.06,nc,nc72906916,2017-10-11T02:10:03.868Z,"7km ESE of Mammoth Lakes, California",earthquake,0.43,0.53,0.132,14,reviewed,nc,nc
2017-10-10T08:18:41.850Z,33.9771667,-116.2701667,4.62,0.900,ml,16,82,0.09556,0.14,ci,ci38022384,2017-10-10T13:35:51.705Z,"18km SSE of Joshua Tree, CA",earthquake,0.31,0.57,0.16,24,reviewed,ci,ci
2017-10-10T08:25:47.111Z,62.5834,-151.338,6.9,1.400,ml,,,,0.62,ak,ak17003837,2017-10-10T08:32:17.986Z,"69km WNW of Talkeetna, Alaska",earthquake,,0.4,,,automatic,ak,ak
2017-10-10T08:30:52.979Z,37.9669,-118.0837,8.2,2.100,ml,28,40.42,0.426,0.135,nn,nn00608722,2017-10-10T15:47:24.796Z,"70km NNE of Dixon Lane-Meadow Creek, California",earthquake,,3.1,0.21,14,reviewed,nn,nn
2017-10-10T08:34:44.683Z,62.9574,-148.6944,60.8,1.900,ml,,,,0.79,ak,ak17003849,2017-10-10T08:45:37.439Z,"50km SSE of Cantwell, Alaska",earthquake,,0.4,,,automatic,ak,ak
2017-10-10T08:35:25.110Z,32.6661667,-115.6666667,9.34,2.440,ml,42,72,0.0531,0.24,ci,ci38022392,2017-10-10T16:38:07.640Z,"12km NW of Progreso, B.C., MX",earthquake,0.29,0.51,0.198,74,reviewed,ci,ci
2017-10-10T08:36:08.685Z,62.669,-149.8155,13,1.400,ml,,,,0.58,ak,ak17003856,2017-10-10T08:40:23.962Z,"41km NNE of Talkeetna, Alaska",earthquake,,0.5,,,automatic,ak,ak
2017-10-10T08:51:24.160Z,39.2843333,-122.7718333,7.54,1.760,md,19,49,0.1335,0.07,nc,nc72906926,2017-10-12T05:46:02.205Z,"17km NE of Upper Lake, California",earthquake,0.22,0.86,0.215,24,reviewed,nc,nc
2017-10-10T08:52:39.490Z,39.2925,-122.758,11.6,1.580,md,14,113,0.1215,0.04,nc,nc72906931,2017-10-12T06:12:02.277Z,"19km NE of Upper Lake, California",earthquake,0.35,0.71,0.196,17,reviewed,nc,nc
2017-10-10T08:53:23.230Z,33.4888333,-116.7886667,3.41,0.680,ml,34,37,0.02542,0.17,ci,ci38022400,2017-10-10T13:40:35.780Z,"9km NE of Aguanga, CA",earthquake,0.21,0.66,0.141,22,reviewed,ci,ci
2017-10-10T08:57:25.320Z,39.2915001,-122.7771683,3.14,2.110,md,9,76,0.1363,0.03,nc,nc72906936,2017-10-10T09:17:03.093Z,"18km NE of Upper Lake, California",earthquake,0.28,2.86,0.06,6,automatic,nc,nc
2017-10-10T08:59:16.212Z,38.2524,-118.7232,9.3,0.800,ml,7,126.8,0.172,0.0862,nn,nn00608758,2017-10-10T17:52:29.771Z,"31km SSW of Hawthorne, Nevada",earthquake,,5.9,0.68,4,reviewed,nn,nn
2017-10-10T09:16:35.034Z,63.465,-147.4759,5.9,1.200,ml,,,,0.33,ak,ak17004150,2017-10-10T09:22:40.432Z,"74km E of Cantwell, Alaska",earthquake,,0.5,,,automatic,ak,ak
2017-10-10T09:21:07.040Z,33.5025,-116.7981667,6.18,1.840,ml,93,25,0.01001,0.19,ci,ci38022408,2017-10-10T21:33:09.726Z,"9km NE of Aguanga, CA",earthquake,0.11,0.31,0.149,81,reviewed,ci,ci
2017-10-10T09:27:40.015Z,58.0467,-155.4501,7.1,2.400,ml,,,,0.48,ak,ak17004152,2017-10-10T09:39:51.687Z,"100km SE of King Salmon, Alaska",earthquake,,0.2,,,automatic,ak,ak
2017-10-10T09:30:19.500Z,36.5823333,-121.1326667,9.3,0.780,md,10,130,0.04681,0.03,nc,nc72906946,2017-10-12T02:12:03.407Z,"24km NE of Soledad, California",earthquake,0.48,0.76,0.246,10,reviewed,nc,nc
2017-10-10T09:30:24.940Z,37.4218333,-113.1308333,10.64,1.330,md,14,82,0.06576,0.12,uu,uu60251957,2017-10-10T14:54:48.140Z,"23km NE of Toquerville, Utah",earthquake,0.37,0.55,0.22,9,reviewed,uu,uu
2017-10-10T09:37:28.180Z,33.51,-116.7956667,7.3,0.390,ml,18,72,0.07369,0.14,ci,ci38022416,2017-10-10T13:35:34.103Z,"10km NE of Aguanga, CA",earthquake,0.34,0.96,0.149,13,reviewed,ci,ci
2017-10-10T09:41:01.368Z,59.7733,-136.6867,0,1.900,ml,,,,0.75,ak,ak17004174,2017-10-10T09:48:17.422Z,"85km WNW of Skagway, Alaska",earthquake,,0.4,,,automatic,ak,ak
2017-10-10T09:51:11.900Z,38.7801666,-122.716835,2.43,0.940,md,7,127,0.006898,0.02,nc,nc72906951,2017-10-10T10:34:04.259Z,"3km E of The Geysers, California",earthquake,0.75,1.28,0.31,5,automatic,nc,nc
2017-10-10T09:54:27.970Z,33.9765,-116.2718333,4.56,2.410,ml,86,31,0.09637,0.15,ci,ci38022424,2017-10-10T15:53:18.750Z,"18km SSE of Joshua Tree, CA",earthquake,0.1,0.37,0.123,130,reviewed,ci,ci
2017-10-10T10:03:50.530Z,37.6096667,-118.8233333,2.71,0.290,md,8,189,0.02014,0.02,nc,nc72906966,2017-10-11T02:21:04.143Z,"13km ESE of Mammoth Lakes, California",earthquake,0.55,1.15,0.285,6,reviewed,nc,nc
2017-10-10T10:04:00.840Z,42.6508333,-111.4445,2.42,2.190,ml,21,74,0.01332,0.12,uu,uu60251967,2017-10-10T17:44:51.200Z,"13km E of Soda Springs, Idaho",earthquake,0.25,0.36,0.069,5,reviewed,uu,uu
2017-10-10T10:06:26.980Z,45.7183333,-112.121,6.11,0.530,ml,5,119,0.208,0.09,mb,mb80260419,2017-10-10T14:29:18.400Z,"17km S of Whitehall, Montana",earthquake,0.83,7.6,0.191,3,reviewed,mb,mb
2017-10-10T10:11:11.090Z,37.4246667,-113.117,11.24,0.570,md,5,179,0.06877,0.03,uu,uu60251972,2017-10-10T17:40:08.700Z,"24km NE of Toquerville, Utah",earthquake,0.46,0.72,0.443,4,reviewed,uu,uu
2017-10-10T10:15:31.870Z,33.9793333,-116.2725,6.36,0.790,ml,27,53,0.09836,0.14,ci,ci38022432,2017-10-10T15:58:54.090Z,"18km SSE of Joshua Tree, CA",earthquake,0.2,0.59,0.112,15,reviewed,ci,ci
2017-10-10T10:23:26.390Z,35.82,-117.7208333,7.33,0.580,ml,14,62,0.03758,0.1,ci,ci38022440,2017-10-10T16:34:14.408Z,"21km NNE of Inyokern, CA",earthquake,0.22,0.44,0.113,5,reviewed,ci,ci
2017-10-10T10:35:20.390Z,45.3073333,-121.6858333,8.23,0.520,ml,6,171,0.03325,0.11,uw,uw61339836,2017-10-10T18:59:04.720Z,"23km ESE of Mount Hood Village, Oregon",earthquake,0.86,0.77,0.065,4,reviewed,uw,uw
2017-10-10T10:36:03.450Z,37.4973333,-118.829,1.85,1.040,md,14,299,0.09253,0.04,nc,nc72906976,2017-10-11T02:42:03.159Z,"21km SE of Mammoth Lakes, California",earthquake,1.13,3.12,0.202,12,reviewed,nc,nc
2017-10-10T10:36:08.948Z,58.9932,-154.807,138,2.200,ml,,,,0.26,ak,ak17004182,2017-10-10T17:50:19.879Z,"84km S of Old Iliamna, Alaska",earthquake,,0.9,,,reviewed,ak,ak
2017-10-10T10:36:16.818Z,39.9943,-120.7724,10.1,0.500,ml,7,132.45,0.098,0.0982,nn,nn00608763,2017-10-10T17:58:46.403Z,"12km ENE of East Quincy, California",earthquake,,4.9,0,1,reviewed,nn,nn
2017-10-10T10:40:33.950Z,42.6183333,-111.3601667,-0.87,2.070,ml,17,62,0.07528,0.14,uu,uu60251977,2017-10-10T17:48:28.470Z,"20km E of Soda Springs, Idaho",earthquake,0.58,1.01,0.229,7,reviewed,uu,uu
2017-10-10T10:41:57.547Z,41.9635,-118.5281,4,1.800,ml,5,208.01,0.477,0.1358,nn,nn00608764,2017-10-10T18:05:06.202Z,"8km E of Denio Junction, Nevada",earthquake,,7.6,0.32,5,reviewed,nn,nn
2017-10-10T10:42:54.179Z,37.2134,-116.4563,6.1,-0.100,ml,6,119.05,0.082,0.0968,nn,nn00608765,2017-10-10T18:08:21.237Z,"43km NE of Beatty, Nevada",earthquake,,8.8,0.73,2,reviewed,nn,nn
2017-10-10T10:43:22.102Z,41.9709,-118.5329,4.1,1.500,ml,5,207.59,0.47,0.1935,nn,nn00608767,2017-10-10T18:17:54.634Z,"7km ENE of Denio Junction, Nevada",earthquake,,9.8,0.18,3,reviewed,nn,nn
2017-10-10T10:44:35.330Z,40.7141667,-122.4415,24.09,1.640,md,11,76,0.08389,0.15,nc,nc72906986,2017-10-12T03:39:04.232Z,"7km WNW of Shasta Lake, California",earthquake,0.56,1.43,0.203,11,reviewed,nc,nc
2017-10-10T10:52:58.640Z,20.5856667,-155.7093353,4.03,2.900,ml,53,312,0.4625,0.21,hv,hv61939531,2017-10-10T10:58:43.550Z,"34km ESE of Hana, Hawaii",earthquake,2.34,2.19,0.51,4,automatic,hv,hv
2017-10-10T10:56:36.339Z,62.232,-150.1429,25.9,1.200,ml,,,,0.11,ak,ak17004500,2017-10-10T10:59:03.227Z,"10km S of Talkeetna, Alaska",earthquake,,0.4,,,automatic,ak,ak
2017-10-10T10:58:28.312Z,36.5661,-113.8839,0,1.100,ml,8,205.17,0.679,0.2117,nn,nn00608726,2017-10-10T15:04:59.330Z,"31km SSE of Mesquite, Nevada",earthquake,,4.6,0.13,3,reviewed,nn,nn
2017-10-10T11:11:42.477Z,57.2207,-156.8341,90.4,2.200,ml,,,,0.28,ak,ak17004502,2017-10-10T11:18:25.506Z,"159km NE of Chignik Lake, Alaska",earthquake,,0.9,,,automatic,ak,ak
2017-10-10T11:15:59.810Z,44.7778333,-111.079,10.09,0.250,md,7,131,0.02683,0.12,uu,uu60251982,2017-10-10T15:04:37.170Z,"13km N of West Yellowstone, Montana",earthquake,0.49,1.11,0.227,6,reviewed,uu,uu
2017-10-10T11:24:39.060Z,33.498,-116.7913333,4.83,0.380,ml,18,68,0.08097,0.15,ci,ci38022448,2017-10-10T13:35:04.012Z,"9km NE of Aguanga, CA",earthquake,0.27,1.31,0.085,12,reviewed,ci,ci
2017-10-10T11:25:30.060Z,33.493,-116.7913333,4.46,0.410,ml,19,107,0.08515,0.1,ci,ci38022456,2017-10-10T13:34:59.452Z,"9km NE of Aguanga, CA",earthquake,0.16,0.35,0.138,13,reviewed,ci,ci
2017-10-10T11:29:58.870Z,33.4971667,-116.7993333,4.59,1.420,ml,74,22,0.01519,0.19,ci,ci38022464,2017-10-10T16:51:24.890Z,"9km NE of Aguanga, CA",earthquake,0.13,0.31,0.195,55,reviewed,ci,ci
2017-10-10T11:33:49.655Z,39.9825,-120.767,11.2,0.500,ml,6,126.34,0.091,0.0492,nn,nn00608771,2017-10-10T18:24:10.806Z,"12km ENE of East Quincy, California",earthquake,,5.6,0,1,reviewed,nn,nn
2017-10-10T11:39:59.490Z,33.4726667,-116.5545,10.16,1.110,ml,44,67,0.04552,0.18,ci,ci38022472,2017-10-10T13:39:26.260Z,"14km SE of Anza, CA",earthquake,0.2,0.39,0.2,26,reviewed,ci,ci
2017-10-10T11:41:11.980Z,46.5135,-122.283,15.97,1.060,ml,12,207,0.1691,0.07,uw,uw61339841,2017-10-10T17:16:52.310Z,"5km S of Morton, Washington",earthquake,0.8,1.39,0.095,13,reviewed,uw,uw
2017-10-10T11:51:14.151Z,58.8954,-151.4581,24.3,3.500,ml,,,,0.59,ak,ak17004820,2017-10-10T12:04:25.982Z,"83km S of Homer, Alaska",earthquake,,0.6,,,automatic,ak,ak
2017-10-10T11:54:06.472Z,39.9763,-120.769,12,0.500,ml,5,212.61,0.092,0.0699,nn,nn00608775,2017-10-11T21:29:49.500Z,"11km ENE of East Quincy, California",earthquake,,3.6,0,1,reviewed,nn,nn
2017-10-10T11:59:47.475Z,60.7616,-147.7989,12.7,1.700,ml,,,,0.76,ak,ak17004832,2017-10-10T12:04:26.160Z,"48km E of Whittier, Alaska",earthquake,,0.2,,,automatic,ak,ak
2017-10-10T12:00:45.250Z,44.7703333,-111.0676667,10.09,0.250,md,6,129,0.03784,0.1,uu,uu60251987,2017-10-10T15:06:12.100Z,"12km NNE of West Yellowstone, Montana",earthquake,0.76,1.01,0.327,5,reviewed,uu,uu
2017-10-10T12:04:36.240Z,46.6283333,-122.4381667,9.66,1.070,ml,14,140,0.317,0.16,uw,uw61339846,2017-10-10T17:22:38.540Z,"14km WNW of Morton, Washington",earthquake,0.55,12.81,0.193,14,reviewed,uw,uw
2017-10-10T12:05:27.100Z,38.8079987,-122.8171692,2.42,1.210,md,13,85,0.01708,0.04,nc,nc72907011,2017-10-10T12:38:02.553Z,"6km WNW of The Geysers, California",earthquake,0.29,0.68,0.09,7,automatic,nc,nc
2017-10-10T12:07:25.720Z,46.2911667,-122.214,2.58,0.200,ml,9,131,0.03725,0.15,uw,uw61339851,2017-10-10T17:04:05.580Z,"30km S of Morton, Washington",earthquake,0.48,1.36,0.283,7,reviewed,uw,uw
2017-10-10T12:16:17.520Z,37.7794991,-122.2331696,15.35,1.680,md,31,58,0.04469,0.06,nc,nc72907016,2017-10-10T13:03:04.609Z,"1km NNE of Alameda, California",earthquake,0.27,0.52,0.21,22,automatic,nc,nc
2017-10-10T12:18:07.510Z,39.603,-120.3993333,-0.98,2.170,md,21,57,0.138,0.09,nc,nc72907021,2017-10-11T21:23:39.844Z,"24km SSE of Portola, California",earthquake,0.3,5.54,0.25,20,reviewed,nc,nc
2017-10-10T12:21:38.090Z,45.315,-121.6825,6.86,0.990,ml,8,87,,0.18,uw,uw61339856,2017-10-10T16:55:55.100Z,"23km E of Mount Hood Village, Oregon",earthquake,0.75,0.5,0.169,7,reviewed,uw,uw
2017-10-10T12:30:55.530Z,33.562,-117.073,10.8,1.030,ml,32,66,0.05691,0.15,ci,ci38022480,2017-10-10T13:39:21.840Z,"8km E of Murrieta Hot Springs, CA",earthquake,0.22,0.63,0.298,28,reviewed,ci,ci
2017-10-10T12:31:22.980Z,33.5066667,-116.7955,4.62,1.290,ml,50,35,0.006984,0.18,ci,ci38022488,2017-10-10T13:39:17.410Z,"10km NE of Aguanga, CA",earthquake,0.17,0.43,0.129,26,reviewed,ci,ci
2017-10-10T12:46:08.730Z,33.4698333,-116.4468333,9.02,0.680,ml,34,94,0.05627,0.15,ci,ci38022496,2017-10-10T16:56:07.605Z,"23km ESE of Anza, CA",earthquake,0.2,0.51,0.165,20,reviewed,ci,ci
2017-10-10T12:51:42.568Z,61.637,-146.4467,19.9,1.800,ml,,,,0.89,ak,ak17005155,2017-10-10T12:55:49.488Z,"56km N of Valdez, Alaska",earthquake,,0.2,,,automatic,ak,ak
2017-10-10T13:00:06.870Z,35.8961667,-117.6758333,3.73,0.530,ml,15,51,0.0556,0.08,ci,ci38022504,2017-10-10T16:59:10.300Z,"21km ESE of Little Lake, CA",earthquake,0.13,0.38,0.096,5,reviewed,ci,ci
2017-10-10T13:01:37.980Z,33.4991667,-116.8013333,5.51,2.500,ml,115,30,0.008447,0.21,ci,ci38022512,2017-10-10T17:18:42.660Z,"9km NE of Aguanga, CA",earthquake,0.11,0.32,0.135,142,reviewed,ci,ci
2017-10-10T13:07:16.329Z,61.5549,-149.5739,31.9,1.300,ml,,,,0.32,ak,ak17005162,2017-10-10T13:13:21.234Z,"4km NNE of Knik-Fairview, Alaska",earthquake,,0.2,,,automatic,ak,ak
2017-10-10T13:14:56.845Z,39.2347,-120.1003,10,0.300,ml,11,73.89,0.034,0.1871,nn,nn00608756,2017-10-10T17:39:57.179Z,"4km W of Tahoe Vista, California",earthquake,,1.3,0.63,4,reviewed,nn,nn
2017-10-10T13:23:05.160Z,33.5061667,-116.7968333,5.79,0.850,ml,41,30,0.006849,0.14,ci,ci38022520,2017-10-10T17:24:50.160Z,"10km NE of Aguanga, CA",earthquake,0.14,0.39,0.121,24,reviewed,ci,ci
2017-10-10T13:24:34.995Z,61.2057,-139.8913,1.9,1.800,ml,,,,0.52,ak,ak17005167,2017-10-10T13:29:21.935Z,"138km WNW of Haines Junction, Canada",earthquake,,0.3,,,automatic,ak,ak
2017-10-10T13:27:59.370Z,33.5151667,-116.7913333,6.17,0.910,ml,34,38,0.008033,0.15,ci,ci38022528,2017-10-10T13:39:13.120Z,"11km NE of Aguanga, CA",earthquake,0.17,0.55,0.133,27,reviewed,ci,ci
2017-10-10T13:35:23.242Z,62.0135,-147.937,26.6,1.700,ml,,,,0.95,ak,ak17005170,2017-10-10T13:42:31.202Z,"53km ENE of Sutton-Alpine, Alaska",earthquake,,0.2,,,automatic,ak,ak
2017-10-10T13:35:31.632Z,38.4484,-116.0055,2.9,1.600,ml,12,133.48,0.344,0.206,nn,nn00608732,2017-10-10T15:56:49.469Z,"42km NE of Warm Springs, Nevada",earthquake,,3.3,0.42,6,reviewed,nn,nn
2017-10-10T13:35:52.180Z,37.6465,-118.886,1.88,0.260,md,8,163,0.008854,0.04,nc,nc72907041,2017-10-11T01:58:02.827Z,"7km E of Mammoth Lakes, California",earthquake,0.68,0.84,0.083,7,reviewed,nc,nc
2017-10-10T13:39:09.133Z,42.0079,-118.5873,0.1,2.300,ml,7,112.1,0.428,0.1348,nn,nn00608733,2017-10-10T16:03:06.473Z,"6km NNE of Denio Junction, Nevada",earthquake,,2.9,0.29,5,reviewed,nn,nn
2017-10-10T13:46:34.000Z,42.5656667,-111.4123333,7.65,1.400,md,7,137,0.03514,0.07,uu,uu60251992,2017-10-10T18:09:11.760Z,"18km ESE of Soda Springs, Idaho",earthquake,0.92,0.36,0.103,3,reviewed,uu,uu
2017-10-10T13:53:37.120Z,45.7283,-69.7412,3.89,1.500,ml,,120,0.447,0.25,us,us1000aq28,2017-10-11T04:52:07.040Z,"32km NNW of Greenville, Maine",earthquake,1.4,7.8,0.105,12,reviewed,us,us
2017-10-10T13:54:22.320Z,38.8261667,-122.806,3.57,0.280,md,6,115,0.02,0.02,nc,nc72907061,2017-10-10T19:20:03.507Z,"6km NW of The Geysers, California",earthquake,0.6,0.62,,1,reviewed,nc,nc
2017-10-10T13:55:55.160Z,37.5961667,-119.0106667,0.5,-0.140,md,6,248,0.01862,0.02,nc,nc72907066,2017-10-11T01:57:43.200Z,"6km SSW of Mammoth Lakes, California",earthquake,0.69,0.36,0.047,4,reviewed,nc,nc
2017-10-10T14:01:06.859Z,61.5023,-146.2704,31.3,1.600,ml,,,,0.91,ak,ak17005492,2017-10-10T14:05:36.928Z,"41km N of Valdez, Alaska",earthquake,,0.2,,,automatic,ak,ak
2017-10-10T14:05:10.909Z,41.9831,-118.5513,10.5,2.300,ml,4,266.54,0.455,0.0802,nn,nn00608762,2017-10-10T17:58:42.083Z,"7km ENE of Denio Junction, Nevada",earthquake,,5.9,0.35,3,reviewed,nn,nn
2017-10-10T14:15:46.660Z,42.6528333,-111.4378333,2.13,1.510,md,17,74,0.01851,0.11,uu,uu60251997,2017-10-10T18:15:24.960Z,"13km E of Soda Springs, Idaho",earthquake,0.27,0.35,0.219,6,reviewed,uu,uu
2017-10-10T14:22:17.437Z,39.6003,-120.4129,2.1,0.200,ml,6,199.37,0.148,0.1172,nn,nn00608734,2017-10-10T14:36:45.481Z,"23km SSE of Portola, California",earthquake,,26.2,0.09,2,reviewed,nn,nn
2017-10-10T14:34:31.678Z,37.9671,-115.8253,8.3,0.600,ml,8,165.14,0.329,0.2831,nn,nn00608766,2017-10-10T18:14:40.849Z,"53km ESE of Warm Springs, Nevada",earthquake,,2,0.22,4,reviewed,nn,nn
2017-10-10T14:36:02.290Z,-9.2001,-109.6712,10,5.000,mb,,114,29.886,0.97,us,us2000b3ii,2017-10-11T17:15:22.040Z,Central East Pacific Rise,earthquake,14.8,1.9,0.048,141,reviewed,us,us
2017-10-10T14:43:08.820Z,37.2228333,-113.3235,3.5,1.360,md,6,137,0.2065,0.16,uu,uu60252002,2017-10-10T18:20:04.720Z,"4km SW of Toquerville, Utah",earthquake,0.8,7.99,0.282,4,reviewed,uu,uu
2017-10-10T14:43:22.400Z,16.6593,-94.4739,102.17,4.200,mb,,174,5.204,0.75,us,us2000b3il,2017-10-11T00:28:44.507Z,"18km NE of Niltepec, Mexico",earthquake,5.3,13.1,0.073,52,reviewed,us,us
2017-10-10T14:50:37.420Z,37.5293333,-118.8165,-0.22,0.480,md,8,325,0.06141,0.03,nc,nc72907076,2017-10-11T02:52:03.964Z,"19km SE of Mammoth Lakes, California",earthquake,3.79,5.37,0.222,7,reviewed,nc,nc
2017-10-10T15:03:14.560Z,33.5083333,-116.7948333,6.06,1.080,ml,48,30,0.00612,0.14,ci,ci38022544,2017-10-10T17:30:59.100Z,"10km NE of Aguanga, CA",earthquake,0.13,0.36,0.099,28,reviewed,ci,ci
2017-10-10T15:05:15.740Z,33.5036667,-116.7973333,6.05,1.640,ml,79,25,0.009039,0.19,ci,ci38022552,2017-10-10T17:42:13.230Z,"9km NE of Aguanga, CA",earthquake,0.12,0.32,0.153,55,reviewed,ci,ci
2017-10-10T15:08:58.890Z,36.0208321,-120.5806656,1.49,1.050,md,9,138,0.03749,0.06,nc,nc72907086,2017-10-10T15:59:03.004Z,"23km WSW of Coalinga, California",earthquake,0.37,1.54,0.28,3,automatic,nc,nc
2017-10-10T15:17:10.130Z,38.8148333,-122.821,2.99,0.250,md,10,99,0.008735,0.02,nc,nc72907096,2017-10-11T18:04:05.259Z,"6km NW of The Geysers, California",earthquake,0.57,0.62,0.015,2,reviewed,nc,nc
2017-10-10T15:21:01.877Z,37.8081,-114.2892,7.2,0.900,ml,9,101.4,0.212,0.1488,nn,nn00608743,2017-10-10T16:18:34.459Z,"19km SE of Pioche, Nevada",earthquake,,2.7,0.21,3,reviewed,nn,nn
2017-10-10T15:31:54.840Z,38.8326683,-122.7906647,1.59,0.970,md,11,97,0.01492,0.02,nc,nc72907101,2017-10-10T17:24:02.859Z,"5km WNW of Cobb, California",earthquake,0.25,0.5,0.08,5,automatic,nc,nc
2017-10-10T15:33:35.874Z,38.2555,-118.7016,9.6,1.300,ml,19,73.73,0.155,0.1862,nn,nn00608744,2017-10-10T16:34:11.994Z,"30km SSW of Hawthorne, Nevada",earthquake,,1.8,0.37,5,reviewed,nn,nn
2017-10-10T15:34:20.920Z,45.5333333,-124.959,38.56,1.910,ml,20,317,1.058,1.58,uw,uw61339881,2017-10-11T18:36:17.130Z,"79km W of Rockaway Beach, Oregon",earthquake,10.58,31.61,0.062,2,reviewed,uw,uw
2017-10-10T15:35:44.220Z,38.8096657,-122.8106689,3.57,0.880,md,10,135,0.01212,0.03,nc,nc72907106,2017-10-10T17:53:04.300Z,"5km NW of The Geysers, California",earthquake,0.89,1.09,0.07,5,automatic,nc,nc
2017-10-10T15:41:10.878Z,38.2531,-118.7108,9.2,1.200,ml,22,55.9,0.162,0.1726,nn,nn00608745,2017-10-10T16:43:51.182Z,"31km SSW of Hawthorne, Nevada",earthquake,,2.2,0.45,5,reviewed,nn,nn
2017-10-10T15:46:24.690Z,33.9791667,-116.2698333,4.17,1.350,ml,40,39,0.09642,0.17,ci,ci38022576,2017-10-10T16:36:13.510Z,"18km SSE of Joshua Tree, CA",earthquake,0.2,0.64,0.17,27,reviewed,ci,ci
2017-10-10T15:52:03.790Z,59.8915,-136.8359,0,2.000,ml,,,,1.08,ak,ak17006154,2017-10-10T15:56:39.395Z,"98km WNW of Skagway, Alaska",earthquake,,0.4,,,automatic,ak,ak
2017-10-10T15:52:45.810Z,33.9813333,-116.2708333,4.53,1.080,ml,21,91,0.09832,0.18,ci,ci38022584,2017-10-10T16:35:02.349Z,"18km SSE of Joshua Tree, CA",earthquake,0.32,0.72,0.236,29,reviewed,ci,ci
2017-10-10T15:54:19.205Z,38.259,-118.713,8.9,0.500,ml,5,266.2,0.164,0.0394,nn,nn00608770,2017-10-10T18:21:03.832Z,"30km SSW of Hawthorne, Nevada",earthquake,,9.2,0.41,3,reviewed,nn,nn
2017-10-10T16:07:08.340Z,38.8170013,-122.8141632,1.91,1.340,md,14,66,0.01427,0.04,nc,nc72907116,2017-10-10T18:50:03.447Z,"6km NW of The Geysers, California",earthquake,0.28,0.54,0.04,5,automatic,nc,nc
2017-10-10T16:10:03.510Z,46.9006667,-112.5236667,11,1.700,ml,15,100,0.022,0.18,mb,mb80260439,2017-10-10T18:00:56.940Z,"13km ESE of Lincoln, Montana",earthquake,0.5,0.6,0.274,4,reviewed,mb,mb
2017-10-10T16:11:08.920Z,33.6023333,-116.7625,15.03,0.830,ml,31,54,0.008723,0.19,ci,ci38022592,2017-10-10T16:34:44.440Z,"10km WNW of Anza, CA",earthquake,0.34,0.48,0.169,18,reviewed,ci,ci
2017-10-10T16:12:53.480Z,60.6418,-148.6878,21.5,1.700,ml,,,,0.46,ak,ak17006176,2017-10-10T16:19:04.320Z,"14km S of Whittier, Alaska",earthquake,,0.3,,,automatic,ak,ak
2017-10-10T16:13:44.330Z,33.2825,-116.2781667,5.55,1.310,ml,49,70,0.08659,0.2,ci,ci38022600,2017-10-11T21:46:06.940Z,"10km ENE of Borrego Springs, CA",earthquake,0.22,0.56,0.154,25,reviewed,ci,ci
2017-10-10T16:18:03.820Z,33.5026667,-116.7935,4.76,0.690,ml,28,35,0.01124,0.17,ci,ci38022608,2017-10-10T16:34:28.228Z,"9km NE of Aguanga, CA",earthquake,0.22,0.43,0.112,23,reviewed,ci,ci
2017-10-10T16:18:13.715Z,59.9049,-141.4051,9.1,1.300,ml,,,,0.64,ak,ak17006181,2017-10-10T18:05:32.075Z,"60km ESE of Cape Yakataga, Alaska",earthquake,,0.3,,,reviewed,ak,ak
2017-10-10T16:22:05.910Z,38.8765,-122.7846667,3.04,0.930,md,15,202,0.03446,0.06,nc,nc72907121,2017-10-11T17:04:02.068Z,"8km NW of Cobb, California",earthquake,0.68,0.54,0.109,5,reviewed,nc,nc
2017-10-10T16:38:29.490Z,46.9013333,-112.5418333,14.83,1.230,ml,15,113,0.033,0.16,mb,mb80260444,2017-10-10T18:05:36.620Z,"12km ESE of Lincoln, Montana",earthquake,0.44,0.64,0.145,4,reviewed,mb,mb
2017-10-10T16:38:37.220Z,40.7425,-122.32,-0.87,1.250,md,9,74,0.1763,0.03,nc,nc72907126,2017-10-12T02:30:31.736Z,"8km NNE of Shasta Lake, California",quarry blast,0.29,31.61,0.048,6,reviewed,nc,nc
2017-10-10T16:43:13.054Z,62.4186,-149.1702,44.8,1.700,ml,,,,1.12,ak,ak17006498,2017-10-10T16:50:14.883Z,"45km NE of Y, Alaska",earthquake,,1.3,,,automatic,ak,ak
2017-10-10T16:44:26.900Z,39.5880013,-120.408165,-0.52,1.740,md,7,171,0.1507,0.09,nc,nc72907131,2017-10-10T20:01:02.790Z,"24km SSE of Portola, California",earthquake,0.96,9.11,0.3,6,automatic,nc,nc
2017-10-10T16:49:05.250Z,38.8224983,-122.7649994,1.83,1.640,md,17,62,0.008838,0.02,nc,nc72907136,2017-10-10T20:30:04.674Z,"3km W of Cobb, California",earthquake,0.22,0.43,0.15,7,automatic,nc,nc
2017-10-10T16:51:21.282Z,51.8596,-178.6181,17.2,2.900,ml,,,,0.5,ak,ak17006506,2017-10-10T18:08:42.905Z,"32km W of Tanaga Volcano, Alaska",earthquake,,0.3,,,reviewed,ak,ak
2017-10-10T16:53:52.218Z,64.7568,-146.7438,7.2,0.700,ml,,,,0.48,ak,ak17006508,2017-10-10T17:01:32.371Z,"18km NE of Eielson Air Force Base, Alaska",earthquake,,0.4,,,automatic,ak,ak
2017-10-10T16:55:52.180Z,19.1583328,-155.4433289,18.63,1.750,md,28,172,0.018,0.12,hv,hv61939731,2017-10-10T16:59:08.670Z,"6km SE of Pahala, Hawaii",earthquake,0.49,1.01,0.2,9,automatic,hv,hv
2017-10-10T16:59:31.360Z,38.1998333,-112.6965,6.02,0.400,md,8,138,0.2554,0.15,uu,uu60252007,2017-10-11T14:53:54.280Z,"9km SSW of Beaver, Utah",earthquake,0.57,31.61,0.366,6,reviewed,uu,uu
2017-10-10T17:24:14.200Z,32.9496667,-115.5408333,10.78,2.480,ml,36,81,0.05089,0.28,ci,ci38022632,2017-10-11T05:08:31.392Z,"3km SSW of Brawley, CA",earthquake,0.28,0.7,0.201,55,reviewed,ci,ci
2017-10-10T17:25:15.650Z,38.2597,-118.7228,6.1,0.900,ml,13,89.53,0.171,0.1561,nn,nn00608791,2017-10-10T20:01:11.604Z,"30km SSW of Hawthorne, Nevada",earthquake,,3.2,0.35,6,reviewed,nn,nn
2017-10-10T17:36:57.999Z,38.2583,-118.7203,6.9,0.900,ml,10,137.32,0.17,0.138,nn,nn00608792,2017-10-10T20:10:31.020Z,"30km SSW of Hawthorne, Nevada",earthquake,,4.7,0.51,5,reviewed,nn,nn
2017-10-10T17:47:23.850Z,44.6585,-111.004,9.65,0.900,md,6,124,0.08691,0.06,uu,uu60252012,2017-10-11T14:55:59.930Z,"7km E of West Yellowstone, Montana",earthquake,0.38,2.09,0.457,3,reviewed,uu,uu
2017-10-10T17:48:41.460Z,31.6125,-116.0085,6.09,3.030,ml,22,157,0.2922,0.16,ci,ci38022656,2017-10-11T13:30:14.040Z,"54km ESE of Maneadero, B.C., MX",earthquake,0.26,1.52,0.136,57,reviewed,ci,ci
2017-10-10T17:49:21.793Z,38.2489,-118.7181,7.3,1.600,ml,24,56.32,0.168,0.1242,nn,nn00608759,2017-10-12T03:48:03.071Z,"31km SSW of Hawthorne, Nevada",earthquake,,3,0.35,12,reviewed,nn,nn
2017-10-10T18:06:03.540Z,35.5151672,-120.7874985,4.48,0.960,md,6,157,0.09521,0.02,nc,nc72907156,2017-10-10T19:04:02.723Z,"8km WSW of Templeton, California",earthquake,2.63,6.58,0.28,2,automatic,nc,nc
2017-10-10T18:12:37.160Z,37.5326653,-118.8874969,2.12,1.120,md,14,196,0.08232,0.02,nc,nc72907151,2017-10-10T20:58:03.764Z,"14km SSE of Mammoth Lakes, California",earthquake,0.43,1.58,0.13,12,automatic,nc,nc
2017-10-10T18:12:47.398Z,61.3238,-146.7824,29.9,1.500,ml,,,,0.69,ak,ak17006872,2017-10-10T18:25:40.307Z,"31km NW of Valdez, Alaska",earthquake,,0.2,,,automatic,ak,ak
2017-10-10T18:13:03.729Z,62.8441,-150.4185,81.5,2.200,ml,,,,0.46,ak,ak17006869,2017-10-11T13:32:05.040Z,"60km NNW of Talkeetna, Alaska",earthquake,,0.6,,,reviewed,ak,ak
2017-10-10T18:17:05.280Z,33.4883333,-116.795,4.48,0.990,ml,51,32,0.02439,0.17,ci,ci38022672,2017-10-10T19:02:47.270Z,"8km NE of Aguanga, CA",earthquake,0.14,0.33,0.119,27,reviewed,ci,ci
2017-10-10T18:17:11.071Z,62.9649,-148.505,3.6,1.800,ml,,,,0.65,ak,ak17006875,2017-10-10T18:21:57.984Z,"52km SSE of Cantwell, Alaska",earthquake,,0.2,,,automatic,ak,ak
2017-10-10T18:20:49.440Z,19.2573338,-155.3861694,33.01,1.820,md,23,146,0.02244,0.2,hv,hv61939936,2017-10-10T18:24:05.070Z,"11km ENE of Pahala, Hawaii",earthquake,1.08,1.12,0.07,4,automatic,hv,hv
2017-10-10T18:27:50.234Z,63.5163,-151.2385,0.9,2.400,ml,,,,0.99,ak,ak17006899,2017-10-11T13:35:33.040Z,"114km W of Cantwell, Alaska",earthquake,,0.6,,,automatic,ak,ak
2017-10-10T18:34:08.330Z,35.0516667,-118.3471667,-1.01,1.420,ml,39,43,0.0611,0.17,ci,ci38022680,2017-10-10T19:07:27.267Z,"13km SE of Tehachapi, CA",quarry blast,0.29,31.61,0.118,24,reviewed,ci,ci
2017-10-10T18:50:31.280Z,33.9315,-116.7805,11.03,0.900,ml,47,41,0.09866,0.13,ci,ci38022712,2017-10-10T19:16:47.569Z,"2km NNE of Cabazon, CA",earthquake,0.14,0.44,0.136,22,reviewed,ci,ci
2017-10-10T18:50:48.990Z,46.8176667,-112.106,9.68,0.890,ml,12,158,0.169,0.06,mb,mb80260449,2017-10-10T19:47:46.340Z,"10km NNW of Helena Valley Northwest, Montana",earthquake,0.48,0.78,0.203,5,reviewed,mb,mb
2017-10-10T18:52:05.920Z,36.5589981,-121.1623306,3.02,1.180,md,6,103,0.0274,0.12,nc,nc72907171,2017-10-10T21:49:02.888Z,"20km NE of Soledad, California",earthquake,0.53,1.23,0.28,5,automatic,nc,nc
2017-10-10T18:53:27.770Z,-54.2632,8.6363,9,6.700,mww,,20,18.17,1.14,us,us1000apql,2017-10-11T14:01:19.040Z,Bouvet Island region,earthquake,6.6,1.6,0.083,14,reviewed,us,us
2017-10-10T18:56:32.710Z,33.4945,-116.7916667,4.47,0.580,ml,32,35,0.01924,0.14,ci,ci38022720,2017-10-10T19:22:05.603Z,"9km NE of Aguanga, CA",earthquake,0.18,0.31,0.113,17,reviewed,ci,ci
2017-10-10T18:56:40.930Z,-6.6145,130.7419,71.33,4.600,mb,,78,1.467,1.41,us,us1000apqh,2017-10-11T14:19:05.040Z,"160km NNW of Saumlaki, Indonesia",earthquake,6.3,7.7,0.093,41,reviewed,us,us
2017-10-10T19:01:30.942Z,61.831,-150.0033,46.4,1.400,ml,,,,0.65,ak,ak17007237,2017-10-10T19:27:32.592Z,"9km N of Willow, Alaska",earthquake,,1,,,automatic,ak,ak
2017-10-10T19:11:51.420Z,34.9881667,-118.1876667,-0.83,1.330,ml,9,150,0.1142,0.25,ci,ci38022760,2017-10-10T20:39:45.119Z,"7km S of Mojave, CA",quarry blast,0.95,31.61,0.118,7,reviewed,ci,ci
2017-10-10T19:18:51.080Z,45.9965,-112.4738333,-2,1.460,ml,10,103,0.06,0.15,mb,mb80260459,2017-10-10T19:39:37.070Z,"4km E of Butte, Montana",quarry blast,0.57,31.61,0.093,5,reviewed,mb,mb
2017-10-10T19:19:55.049Z,62.9328,-148.671,12.6,1.700,ml,,,,0.79,ak,ak17007265,2017-10-10T19:27:32.805Z,"53km SSE of Cantwell, Alaska",earthquake,,0.1,,,automatic,ak,ak
2017-10-10T19:29:31.480Z,-45.8106,-76.1767,10,4.300,mb,,204,2.179,0.88,us,us1000aprz,2017-10-11T14:53:51.040Z,"264km W of Puerto Chacabuco, Chile",earthquake,7.2,1.9,0.2,9,reviewed,us,us
2017-10-10T19:30:03.360Z,32.7678333,-116.896,-0.37,1.270,ml,33,101,0.1298,0.25,ci,ci38022728,2017-10-10T19:53:54.615Z,"4km ENE of Rancho San Diego, CA",quarry blast,0.47,31.61,0.178,11,reviewed,ci,ci
2017-10-10T19:32:05.570Z,32.9486667,-115.5423333,6.84,1.420,ml,24,82,0.04954,0.18,ci,ci38022736,2017-10-10T19:58:11.566Z,"4km SSW of Brawley, CA",earthquake,0.25,0.56,0.176,24,reviewed,ci,ci
2017-10-10T19:32:23.540Z,32.9481667,-115.545,6.61,1.280,ml,9,129,0.04841,0.1,ci,ci37168508,2017-10-10T20:03:25.368Z,"4km SSW of Brawley, CA",earthquake,0.21,0.54,0.2,7,reviewed,ci,ci
2017-10-10T19:36:33.010Z,39.8153333,-123.3016667,6.21,1.920,md,24,49,0.1125,0.04,nc,nc72907191,2017-10-11T21:19:02.811Z,"5km WNW of Covelo, California",earthquake,0.23,0.49,0.221,25,reviewed,nc,nc
2017-10-10T19:37:23.210Z,38.8139992,-122.7630005,1.54,1.630,md,17,78,0.01731,0.03,nc,nc72907196,2017-10-10T22:32:01.972Z,"3km WSW of Cobb, California",earthquake,0.21,0.49,0.05,7,automatic,nc,nc
2017-10-10T19:44:13.790Z,42.5556667,-111.4156667,6.97,1.470,md,16,57,0.03987,0.15,uu,uu60252037,2017-10-11T15:01:10.310Z,"18km SE of Soda Springs, Idaho",earthquake,0.38,0.58,0.187,7,reviewed,uu,uu
2017-10-10T19:59:24.350Z,36.9405,27.3346,5.01,4.400,mb,,45,0.962,0.82,us,us1000apsm,2017-10-11T23:09:10.610Z,"6km NE of Kos, Greece",earthquake,4.3,4.5,0.075,51,reviewed,us,us
2017-10-10T20:08:55.666Z,61.1665,-140.0181,0,1.600,ml,,,,0.43,ak,ak17007602,2017-10-10T20:12:49.664Z,"143km WNW of Haines Junction, Canada",earthquake,,0.3,,,automatic,ak,ak
2017-10-10T20:14:26.202Z,60.755,-150.8783,50.3,1.700,ml,,,,0.45,ak,ak17007604,2017-10-10T20:19:00.796Z,"23km ENE of Nikiski, Alaska",earthquake,,1,,,automatic,ak,ak
2017-10-10T20:14:58.470Z,43.1134,-110.893,4.31,2.900,ml,,79,0.25,0.42,us,us1000apt4,2017-10-11T17:07:54.040Z,"20km SSW of Hoback, Wyoming",earthquake,0.8,5.7,0.04,84,reviewed,us,us
2017-10-10T20:15:21.690Z,33.5135,-116.4555,7.05,0.570,ml,19,100,0.02678,0.13,ci,ci38022752,2017-10-10T20:37:42.901Z,"21km ESE of Anza, CA",earthquake,0.28,0.52,0.112,7,reviewed,ci,ci
2017-10-10T20:21:36.020Z,38.7966652,-122.7939987,2.6,1.590,md,18,98,0.00589,0.03,nc,nc72907201,2017-10-10T23:44:03.166Z,"3km WNW of The Geysers, California",earthquake,0.27,0.52,0.07,8,automatic,nc,nc
2017-10-10T20:25:25.370Z,38.6822,-97.5052,5,2.500,mb_lg,,97,0.814,0.63,us,us1000apti,2017-10-11T17:53:15.505Z,"19km SSE of Salina, Kansas",earthquake,2.1,2,0.132,15,reviewed,us,us
2017-10-10T21:04:45.083Z,62.2246,-148.5003,7.4,1.500,ml,,,,0.56,ak,ak17007960,2017-10-10T21:09:28.634Z,"51km NNE of Sutton-Alpine, Alaska",earthquake,,0.3,,,automatic,ak,ak
2017-10-10T21:24:03.020Z,32.9463333,-115.5316667,11.68,2.370,ml,38,74,0.05097,0.28,ci,ci38022768,2017-10-11T14:49:57.220Z,"4km S of Brawley, CA",earthquake,0.26,0.42,0.181,47,reviewed,ci,ci
2017-10-10T21:28:19.060Z,32.9555,-115.5373333,11.57,3.120,ml,49,75,0.05736,0.28,ci,ci38022776,2017-10-11T15:01:06.540Z,"3km SSW of Brawley, CA",earthquake,0.25,0.42,0.159,198,reviewed,ci,ci
2017-10-10T21:30:42.594Z,61.6948,-148.2009,32.3,1.000,ml,,,,0.27,ak,ak17007992,2017-10-10T22:43:41.797Z,"36km ESE of Sutton-Alpine, Alaska",earthquake,,0.5,,,reviewed,ak,ak
2017-10-10T21:34:41.340Z,33.9785,-116.2703333,5.94,0.980,ml,19,53,0.0964,0.16,ci,ci38022784,2017-10-11T13:58:34.545Z,"18km SSE of Joshua Tree, CA",earthquake,0.28,1.02,0.188,23,reviewed,ci,ci
2017-10-10T21:46:34.710Z,32.9481667,-115.5418333,10.46,1.460,ml,13,75,0.0492,0.19,ci,ci37168668,2017-10-11T15:15:54.451Z,"4km SSW of Brawley, CA",earthquake,0.39,0.71,0.186,13,reviewed,ci,ci
2017-10-10T21:47:02.380Z,32.9385,-115.5385,10.02,1.760,ml,29,76,0.04138,0.24,ci,ci38022792,2017-10-11T15:11:19.794Z,"4km S of Brawley, CA",earthquake,0.29,0.58,0.174,40,reviewed,ci,ci
2017-10-10T21:48:21.640Z,45.9195,-111.3998333,-2,0.850,ml,7,178,0.266,0.21,mb,mb80260484,2017-10-11T23:47:34.340Z,"8km NW of Manhattan, Montana",quarry blast,1.09,31.61,0.165,2,reviewed,mb,mb
2017-10-10T22:03:07.980Z,34.0745,-116.6806667,4.68,1.350,ml,56,31,0.04501,0.2,ci,ci38022800,2017-10-11T15:37:37.200Z,"10km WNW of Morongo Valley, CA",earthquake,0.18,0.53,0.126,32,reviewed,ci,ci
2017-10-10T22:13:37.200Z,39.5472,-119.4917,1.1,1.400,ml,12,90.74,0.183,0.2003,nn,nn00608810,2017-10-10T23:27:14.273Z,"21km WSW of Fernley, Nevada",earthquake,,2,0.18,8,reviewed,nn,nn
2017-10-10T22:15:45.520Z,38.8258324,-122.7900009,1.2,1.210,md,15,45,0.01636,0.02,nc,nc72907206,2017-10-11T02:12:02.863Z,"5km W of Cobb, California",earthquake,0.21,0.47,0.09,6,automatic,nc,nc
2017-10-10T22:16:12.841Z,62.7622,-150.8558,81.6,1.700,ml,,,,0.59,ak,ak17008427,2017-10-10T22:19:55.670Z,"62km NW of Talkeetna, Alaska",earthquake,,1.3,,,automatic,ak,ak
2017-10-10T22:16:30.710Z,33.9818333,-116.2715,2.67,1.410,ml,38,54,0.09906,0.21,ci,ci38022808,2017-10-11T13:59:23.130Z,"17km SSE of Joshua Tree, CA",earthquake,0.28,0.52,0.148,28,reviewed,ci,ci
2017-10-10T22:26:57.790Z,47.866,-121.6313333,8.33,0.880,ml,8,139,0.1116,0.08,uw,uw61316722,2017-10-12T03:59:10.160Z,"5km ENE of Gold Bar, Washington",earthquake,0.43,0.99,0.066,4,reviewed,uw,uw
2017-10-10T23:10:15.840Z,-8.3319,123.4362,10,4.800,mb,,55,1.223,1.21,us,us1000apy4,2017-10-10T23:29:20.040Z,"81km ENE of Sukutukang, Indonesia",earthquake,3.9,1.9,0.101,30,reviewed,us,us
2017-10-10T23:11:56.030Z,33.4963333,-116.7985,4.55,1.250,ml,65,23,0.01607,0.2,ci,ci38022832,2017-10-11T15:52:41.740Z,"9km NE of Aguanga, CA",earthquake,0.14,0.31,0.157,38,reviewed,ci,ci
2017-10-10T23:23:52.650Z,19.4489994,-155.2315063,30.33,1.970,md,42,56,0.03433,0.16,hv,hv61940191,2017-10-10T23:27:23.380Z,"2km NNE of Volcano, Hawaii",earthquake,0.48,0.47,0.08,15,automatic,hv,hv
2017-10-10T23:24:01.473Z,61.1575,-140.0109,0,1.400,ml,,,,0.47,ak,ak17008801,2017-10-10T23:27:03.339Z,"142km WNW of Haines Junction, Canada",earthquake,,0.4,,,automatic,ak,ak
2017-10-10T23:24:37.000Z,33.5065,-116.7941667,5.34,0.250,ml,14,201,0.07554,0.06,ci,ci38022840,2017-10-11T17:03:23.163Z,"10km NE of Aguanga, CA",earthquake,0.26,0.63,0.146,7,reviewed,ci,ci
2017-10-10T23:31:45.200Z,37.0352,-104.9013,3.73,3.400,ml,,29,0.128,1.1,us,us1000apye,2017-10-11T20:07:48.286Z,"38km WSW of Trinidad, Colorado",earthquake,5.1,7.4,0.071,86,reviewed,us,us
2017-10-10T23:48:36.180Z,34.1506667,-116.4441667,8.25,0.840,ml,24,77,0.05592,0.13,ci,ci38022848,2017-10-11T15:56:16.251Z,"4km NNW of Yucca Valley, CA",earthquake,0.21,0.57,0.13,11,reviewed,ci,ci
2017-10-10T23:54:54.335Z,63.4725,-148.1311,12.1,1.300,ml,,,,0.79,ak,ak17009159,2017-10-11T00:00:32.324Z,"41km ENE of Cantwell, Alaska",earthquake,,0.4,,,automatic,ak,ak
2017-10-10T23:55:47.060Z,15.6923,-93.0224,106.13,4.600,mb,,145,1.034,0.98,us,us1000apz3,2017-10-11T00:25:22.106Z,"22km E of Pijijiapan, Mexico",earthquake,4.6,8.2,0.042,173,reviewed,us,us